idx,제목,기관명,근무지,고용형태,등록일,마감일,D-day,남은일수,마감임박,상태,상세URL
305578,한전KPS(주) 삼천포사업처 단기노무원(터빈설비 정비단순보조) 채용(제52차),한전KPS(주),경남,비정규직,2026-10-01,2026-10-06,4,5,,진행중,https://job.alio.go.kr/recruitview.do?idx=305578
305536,[제2026-113호] 2026년 제2차 우선구매지원부 우선구매심사팀 기간제 계약직 채용 공고,한국장애인개발원,서울,비정규직,2026-10-01,2026-10-15,13,14,,진행중,https://job.alio.go.kr/recruitview.do?idx=305536
305526,영상의학과 전문의 모집 공고,부산대학교병원,부산,비정규직,2026-10-01,2026-10-15,13,14,,진행중,https://job.alio.go.kr/recruitview.do?idx=305526
305547,한국승강기안전공단 2026년 하반기 채용형 청년인턴 채용 공고,한국승강기안전공단,서울 외 15,청년인턴(채용형),2026-10-01,2026-10-15,13,14,,진행중,https://job.alio.go.kr/recruitview.do?idx=305547
305520,"칠곡경북대학교병원 2026년 9월 6차 임시직원 채용공고(행정, 원무지원, 간호사)",경북대학교병원,대구,비정규직,2026-10-01,2026-10-06,4,5,,진행중,https://job.alio.go.kr/recruitview.do?idx=305520
305405,한국토지주택공사 광주전남지역본부 기간제근로자(사업관리 외) 채용공고(2026.10),한국토지주택공사,전남광주,비정규직,2026-10-01,2026-10-15,13,14,,진행중,https://job.alio.go.kr/recruitview.do?idx=305405
305562,한전KDN(주) 경북사업처 AMI분야 일용근로자 모집공고,한전KDN,경북,비정규직,2026-10-01,2026-10-15,13,14,,진행중,https://job.alio.go.kr/recruitview.do?idx=305562
305439,진료교수요원 공개채용,서울대학교병원,서울 외 2,비정규직,2026-10-01,2026-10-08,6,7,,진행중,https://job.alio.go.kr/recruitview.do?idx=305439
305568,2026년 3차 한국벤처투자 채용 공고(신입 및 경력),한국벤처투자,서울,정규직,2026-10-01,2026-10-16,14,15,,진행중,https://job.alio.go.kr/recruitview.do?idx=305568
305569,2026년 3차 한국벤처투자 채용 공고(일반 전문계약직),한국벤처투자,대전,비정규직,2026-10-01,2026-10-16,14,15,,진행중,https://job.alio.go.kr/recruitview.do?idx=305569
305505,2026-10회 의생명 및 화학 연구클러스터(시냅스 뇌질환 연구단) 연구직 채용 공고,기초과학연구원,대전,비정규직,2026-10-01,2026-11-06,35,36,,진행중,https://job.alio.go.kr/recruitview.do?idx=305505
305447,한국토지주택공사 대구경북지역본부 기간제근로자(대체채용) 채용 공고(2026-07),한국토지주택공사,대구 외 1,비정규직,2026-10-01,2026-10-15,13,14,,진행중,https://job.alio.go.kr/recruitview.do?idx=305447
305577,[한려동부] 2026년 한려해상국립공원동부사무소 한시인력(국립공원지킴이) 직원 2차 채용,국립공원공단,경남,비정규직,2026-10-01,2026-10-12,10,11,,진행중,https://job.alio.go.kr/recruitview.do?idx=305577
305574,2026년 3차 충북대학교병원 장애인 근로자(기간제근무자) 모집 공고,충북대학교병원,충북,비정규직,2026-10-01,2026-10-15,13,14,,진행중,https://job.alio.go.kr/recruitview.do?idx=305574
305576,한전KDN(주) 부산본부 전력통신팀 업무보조원 일용근로자 모집공고,한전KDN,부산,비정규직,2026-10-01,2026-10-15,13,14,,진행중,https://job.alio.go.kr/recruitview.do?idx=305576
305575,2026년 10월 충북대학교병원 기간제근무자 모집 공고,충북대학교병원,충북,비정규직,2026-10-01,2026-10-15,13,14,,진행중,https://job.alio.go.kr/recruitview.do?idx=305575
305509,2026년 하반기(2차) 기간제계약직(사무행정) 공개채용 공고,극지연구소,인천,비정규직,2026-09-30,2026-10-15,13,14,,진행중,https://job.alio.go.kr/recruitview.do?idx=305509
305533,의사직(응급의료정책기획팀) 채용 재공고,국립중앙의료원,서울,정규직,2026-09-30,2026-10-12,10,11,,진행중,https://job.alio.go.kr/recruitview.do?idx=305533
305532,[지리산전북] 지리산국립공원전북사무소 한시인력(국립공원지킴이) 모집,국립공원공단,전남광주,비정규직,2026-09-30,2026-10-10,8,9,,진행중,https://job.alio.go.kr/recruitview.do?idx=305532
305531,한전KPS(주)충남전북전력지사(아산지점) 단기노무원 채용 공고,한전KPS(주),충남,비정규직,2026-09-30,2026-10-02,,1,Y,진행중,https://job.alio.go.kr/recruitview.do?idx=305531
305345,(제2026-7호) 한국보건복지인재원 교수직 채용 공고,한국보건복지인재원,충북,정규직,2026-09-30,2026-10-14,12,13,,진행중,https://job.alio.go.kr/recruitview.do?idx=305345
305525,한국폴리텍특성화대학 바이오캠퍼스 업무직(대학운영직_영양사) 채용 공고,학교법인한국폴리텍,충남,무기계약직,2026-09-30,2026-10-07,5,6,,진행중,https://job.alio.go.kr/recruitview.do?idx=305525
305524,기간제근로자 (대체인력)채용 공고[충북본부 진천지사],한국전력공사,충북,비정규직,2026-09-30,2026-10-14,12,13,,진행중,https://job.alio.go.kr/recruitview.do?idx=305524
305523,국토연구원 2026년 제10차 위촉직(기간제) 공개채용,국토연구원,세종,비정규직,2026-09-30,2026-10-14,12,13,,진행중,https://job.alio.go.kr/recruitview.do?idx=305523
305522,2026년도 2차 정규직 채용 공고,농림식품기술기획평가원,전남광주,정규직,2026-09-30,2026-10-15,13,14,,진행중,https://job.alio.go.kr/recruitview.do?idx=305522
305385,한국토지주택공사 경기북부지역본부 기간제근로자(안전관리자) 채용공고('26년 9월),한국토지주택공사,경기,비정규직,2026-09-30,2026-10-14,12,13,,진행중,https://job.alio.go.kr/recruitview.do?idx=305385
305452,[한국수자원공사] 정읍권지사 단기계약근로자(수탁운영_지방상수도 고객관리) 채용 공고(장애인 제한채용),한국수자원공사,전북,비정규직,2026-09-30,2026-10-07,5,6,,진행중,https://job.alio.go.kr/recruitview.do?idx=305452
305534,계약직 전문의(서울인천광역응급의료상황팀) 채용 재공고,국립중앙의료원,서울,비정규직,2026-09-30,2026-10-12,10,11,,진행중,https://job.alio.go.kr/recruitview.do?idx=305534
305535,계약직 행정(전북응급의료지원센터) 채용 재공고,국립중앙의료원,전북,비정규직,2026-09-30,2026-10-12,10,11,,진행중,https://job.alio.go.kr/recruitview.do?idx=305535
305572,경인권역재활병원 비정규직(대체인력) 물리치료사 채용 공고(2026.11.2.임용)(1),대한적십자사,인천,비정규직,2026-09-30,2026-10-18,16,17,,진행중,https://job.alio.go.kr/recruitview.do?idx=305572
305571,경인권역재활병원 비정규직(대체인력) 작업치료사 채용 공고(2026.11.2.임용),대한적십자사,인천,비정규직,2026-09-30,2026-10-18,16,17,,진행중,https://job.alio.go.kr/recruitview.do?idx=305571
305570,경인권역재활병원 정규직 간호사 채용 공고(2026.11.1.임용),대한적십자사,인천,정규직,2026-09-30,2026-10-18,16,17,,진행중,https://job.alio.go.kr/recruitview.do?idx=305570
305565,"2026년 하반기 한국문화예술위원회 직원(기록물관리전문요원, 데이터관리, 전산) 채용",한국문화예술위원회,서울 외 1,무기계약직 외 1,2026-09-30,2026-10-14,12,13,,진행중,https://job.alio.go.kr/recruitview.do?idx=305565
305561,2026년도 하반기 한전원자력연료 체험형 청년인턴 채용 공고,한전원자력연료주식회사,대전,청년인턴(체험형),2026-09-30,2026-10-15,13,14,,진행중,https://job.alio.go.kr/recruitview.do?idx=305561
305559,2026년도 하반기 별정직 신입사원 모집 공고,한국서부발전(주),충남,정규직,2026-09-30,2026-10-14,12,13,,진행중,https://job.alio.go.kr/recruitview.do?idx=305559
305558,2026년 서민금융진흥원 제3차 기간제(육아휴직대체) 직원 채용공고,서민금융진흥원,서울 외 1,비정규직,2026-09-30,2026-10-14,12,13,,진행중,https://job.alio.go.kr/recruitview.do?idx=305558
305554,2026년도 하반기 4직급 고졸 신입사원 모집 공고,한국서부발전(주),인천 외 5,정규직,2026-09-30,2026-10-14,12,13,,진행중,https://job.alio.go.kr/recruitview.do?idx=305554
305552,2026년도 하반기 4직급 대졸 신입사원 모집 공고,한국서부발전(주),인천 외 5,정규직,2026-09-30,2026-10-14,12,13,,진행중,https://job.alio.go.kr/recruitview.do?idx=305552
305551,2026-04호 채용공고,한국탄소산업진흥원,전북,비정규직,2026-09-30,2026-10-14,12,13,,진행중,https://job.alio.go.kr/recruitview.do?idx=305551
305550,2026년 태권도원 체험관[얍] 운영 기간제근로자(보조인력) 채용,태권도진흥재단,전북,비정규직,2026-09-30,2026-10-14,12,13,,진행중,https://job.alio.go.kr/recruitview.do?idx=305550
305546,한전KPS(주)제주사업소 가공송전선로 부지정비 및 수목벌채 단기노무원 채용공고,한전KPS(주),제주,비정규직,2026-09-30,2026-10-02,,1,Y,진행중,https://job.alio.go.kr/recruitview.do?idx=305546
305542,"2026년도 직무중심 신입사원(5급, 6급) 채용 공고",한국농어촌공사,인천 외 13,정규직,2026-09-30,2026-10-19,17,18,,진행중,https://job.alio.go.kr/recruitview.do?idx=305542
305541,[서울남부지사]기간제(시설미화원-휴직대체) 채용 재공고,근로복지공단,서울,비정규직,2026-09-30,2026-10-07,5,6,,진행중,https://job.alio.go.kr/recruitview.do?idx=305541
305538,한전KPS청평양수사업소 단기노무원 모집(청평양수 2호기 계획예방정비공사 및 화천수력 현대화공사),한전KPS(주),경기 외 1,비정규직,2026-09-30,2026-10-02,,1,Y,진행중,https://job.alio.go.kr/recruitview.do?idx=305538
305537,국립공원공단 기간제(사무행정) 직원 채용,국립공원공단,강원,비정규직,2026-09-30,2026-10-14,12,13,,진행중,https://job.alio.go.kr/recruitview.do?idx=305537
305573,경인권역재활병원 비정규직(대체인력) 물리치료사 채용 공고(2026.11.2.임용)(2),대한적십자사,인천,비정규직,2026-09-30,2026-10-18,16,17,,진행중,https://job.alio.go.kr/recruitview.do?idx=305573
305465,"제주대학교병원 계약직(가정전문간호사, 영상의학과 간호사) 모집공고",제주대학교병원,제주,무기계약직,2026-09-29,2026-10-06,4,5,,진행중,https://job.alio.go.kr/recruitview.do?idx=305465
305466,한전KPS(주)충남전북전력지사(청양지점) 단기노무원 채용 공고,한전KPS(주),충남,비정규직,2026-09-29,2026-10-01,,0,Y,진행중,https://job.alio.go.kr/recruitview.do?idx=305466
305457,[한국수자원공사] 금강유역협력단 괴산현대화사업팀 특수직(사무관리_건설사업) 채용 공고,한국수자원공사,충북,비정규직,2026-09-29,2026-10-13,11,12,,진행중,https://job.alio.go.kr/recruitview.do?idx=305457
305456,[한국수자원공사] 금강유역협력단 부여2차현대화사업팀 특수직(사무관리_건설사업) 채용 공고,한국수자원공사,충남,비정규직,2026-09-29,2026-10-13,11,12,,진행중,https://job.alio.go.kr/recruitview.do?idx=305456
305455,[한국수자원공사] 금강유역협력단 부여현대화사업팀 특수직(기술관리_건설사업) 채용 공고,한국수자원공사,충남,비정규직,2026-09-29,2026-10-13,11,12,,진행중,https://job.alio.go.kr/recruitview.do?idx=305455
305454,[한국수자원공사] 금강유역협력단 공주2차현대화사업팀 특수직(기술관리_건설사업) 채용 공고,한국수자원공사,충남,비정규직,2026-09-29,2026-10-13,11,12,,진행중,https://job.alio.go.kr/recruitview.do?idx=305454
305453,[한국수자원공사] 금강유역협력단 공주2차현대화사업팀 특수직(사무관리_건설사업) 채용 공고,한국수자원공사,충남,비정규직,2026-09-29,2026-10-13,11,12,,진행중,https://job.alio.go.kr/recruitview.do?idx=305453
305444,한국문화관광연구원 2026년 제4차 청년인턴 채용,한국문화관광연구원,서울,청년인턴(체험형),2026-09-29,2026-10-06,4,5,,진행중,https://job.alio.go.kr/recruitview.do?idx=305444
305443,한전KDN(주) 강북지사 AMI분야 비정규직 모집공고,한전KDN,서울,비정규직,2026-09-29,2026-10-13,11,12,,진행중,https://job.alio.go.kr/recruitview.do?idx=305443
305420,한전KPS(주) 대외사업센터 단기노무원 채용 공고(당진 GS EPS),한전KPS(주),충남,비정규직,2026-09-29,2026-10-01,,0,Y,진행중,https://job.alio.go.kr/recruitview.do?idx=305420
305414,2026년도 제3차 신규직원(체험형 인턴) 채용 공고,해양수산과학기술진흥원,서울,비정규직,2026-09-29,2026-10-14,12,13,,진행중,https://job.alio.go.kr/recruitview.do?idx=305414
305396,한전KPS(주)강원충북전력지사 단기노무원(강릉지점 차량순시) 채용공고(31차),한전KPS(주),강원,비정규직,2026-09-29,2026-10-01,,0,Y,진행중,https://job.alio.go.kr/recruitview.do?idx=305396
305374,한국폴리텍대학 광명융합기술교육원 대학운영직(경비원) 채용 공고,학교법인한국폴리텍,경기,무기계약직,2026-09-29,2026-10-06,4,5,,진행중,https://job.alio.go.kr/recruitview.do?idx=305374
305467,"제주대학교병원 휴직대체 계약직(간호사, 업무지원_환경, 보건의료정보관리사, 응급구조사, 행정, 물리치료사), 단기간 계약직(업무지원_영선) 모집공고",제주대학교병원,제주,비정규직,2026-09-29,2026-10-06,4,5,,진행중,https://job.alio.go.kr/recruitview.do?idx=305467
305468,[주왕산] 2026년도 주왕산국립공원 한시인력(탐방해설) 직원 추가 채용 재공고,국립공원공단,경북,비정규직,2026-09-29,2026-10-06,4,5,,진행중,https://job.alio.go.kr/recruitview.do?idx=305468
305469,[국립공원해양생태보전원] 국립공원해양생태보전원 기간제[국립공원지킴이(한시인력)] 채용 공고,국립공원공단,전남광주,비정규직,2026-09-29,2026-10-12,10,11,,진행중,https://job.alio.go.kr/recruitview.do?idx=305469
305516,[내장산생태탐방원] 2026년 내장산생태탐방원 한시인력(국립공원지킴이) 채용 공고,국립공원공단,전북,비정규직,2026-09-29,2026-10-12,10,11,,진행중,https://job.alio.go.kr/recruitview.do?idx=305516
305515,2026년도 NCS기반 신규직원 블라인드 채용 공고,한국체육산업개발(주),서울 외 1,정규직,2026-09-29,2026-10-13,11,12,,진행중,https://job.alio.go.kr/recruitview.do?idx=305515
305528,(수정) 한국마약퇴치운동본부 2026년 제4차 채용공고,한국마약퇴치운동본부,서울 외 2,비정규직 외 1,2026-09-29,2026-10-13,11,12,,진행중,https://job.alio.go.kr/recruitview.do?idx=305528
305514,2026년 제3차 인재채용[NCS기반 능력중심 블라인드 채용] 공고,국토교통과학기술진흥원,경기,비정규직 외 1,2026-09-29,2026-10-14,12,13,,진행중,https://job.alio.go.kr/recruitview.do?idx=305514
305513,대한적십자사 서울남부혈액원 비정규직한시적 근로자(장애인 제한경쟁) 채용 공고,대한적십자사,서울,비정규직,2026-09-29,2026-10-14,12,13,,진행중,https://job.alio.go.kr/recruitview.do?idx=305513
305512,2026년 대한적십자사 경상남도지사 비정규직 (대체인력) 채용 공고,대한적십자사,경남,비정규직,2026-09-29,2026-10-14,12,13,,진행중,https://job.alio.go.kr/recruitview.do?idx=305512
305511,한국문화관광연구원 위촉직원 채용 공고 [2026-39],한국문화관광연구원,서울,비정규직,2026-09-29,2026-10-06,4,5,,진행중,https://job.alio.go.kr/recruitview.do?idx=305511
305504,대한적십자사 전남광주혈액원 비정규직 기간제(장애인) 채용 공고,대한적십자사,전남광주,비정규직,2026-09-29,2026-10-14,12,13,,진행중,https://job.alio.go.kr/recruitview.do?idx=305504
305470,제주대학교병원 휴직대체 계약직(방사선사) 모집공고,제주대학교병원,제주,비정규직,2026-09-29,2026-10-06,4,5,,진행중,https://job.alio.go.kr/recruitview.do?idx=305470
305497,대전세종충남혈액원 비정규직 육아휴직 대체 사무보조원 채용 공고,대한적십자사,대전,비정규직,2026-09-29,2026-10-15,13,14,,진행중,https://job.alio.go.kr/recruitview.do?idx=305497
305486,[제2026-16호] 육아정책연구소 청년인턴(행정인턴) 단시간 장애인 제한경쟁 채용,육아정책연구소,서울,청년인턴(체험형),2026-09-29,2026-10-13,11,12,,진행중,https://job.alio.go.kr/recruitview.do?idx=305486
305472,[대전] 2026년 하반기 충남대학교병원 보건직(의학물리사) 공개채용,충남대학교병원,대전,정규직,2026-09-29,2026-10-13,11,12,,진행중,https://job.alio.go.kr/recruitview.do?idx=305472
305478,[순천병원] 기간제(간호조무사) 채용 공고,근로복지공단,전남광주,비정규직,2026-09-29,2026-10-06,4,5,,진행중,https://job.alio.go.kr/recruitview.do?idx=305478
305475,[순천병원] 기간제(물리치료사) 채용 공고,근로복지공단,전남광주,비정규직,2026-09-29,2026-10-06,4,5,,진행중,https://job.alio.go.kr/recruitview.do?idx=305475
305347,(제2026-9호) 한국보건복지인재원 사업기반 계약직 채용 공고,한국보건복지인재원,충북,비정규직,2026-09-28,2026-10-12,10,11,,진행중,https://job.alio.go.kr/recruitview.do?idx=305347
305387,분당서울대학교병원 직원(계약별정전문직) 채용공고,분당서울대학교병원,경기,비정규직,2026-09-28,2026-10-07,5,6,,진행중,https://job.alio.go.kr/recruitview.do?idx=305387
305379,[다도해해상]2026년 다도해해상 국립공원지킴이[한시인력/녹색순찰대] 직원 채용(5차),국립공원공단,전남광주,비정규직,2026-09-28,2026-10-08,6,7,,진행중,https://job.alio.go.kr/recruitview.do?idx=305379
305378,2026년도 제9차 경력사원(고위직) 선발,한국수력원자력(주),경북,비정규직,2026-09-28,2026-10-14,12,13,,진행중,https://job.alio.go.kr/recruitview.do?idx=305378
305376,"한국사학진흥재단 2026년 3차 직원 채용(체험형 청년인턴(단시간), 장애인 제한경쟁)",한국사학진흥재단,서울 외 15,청년인턴(체험형),2026-09-28,2026-10-08,6,7,,진행중,https://job.alio.go.kr/recruitview.do?idx=305376
305375,[다도해해상]2026년 다도해해상 국립공원지킴이[한시인력/녹색순찰대] 직원 채용(4차) 추가접수 재공고,국립공원공단,전남광주,비정규직,2026-09-28,2026-10-02,,1,Y,진행중,https://job.alio.go.kr/recruitview.do?idx=305375
305373,2026년 제2차 남북교류협력지원협회 직원(정규직 및 육아휴직대체) 채용 공고,(사)남북교류협력지원협회,서울,비정규직 외 1,2026-09-28,2026-10-13,11,12,,진행중,https://job.alio.go.kr/recruitview.do?idx=305373
305370,[태백병원] 기간제 의사(병동당직의) 채용 공고,근로복지공단,강원,비정규직,2026-09-28,2026-10-06,4,5,,진행중,https://job.alio.go.kr/recruitview.do?idx=305370
305368,서울대학교병원 블라인드 직원채용 (무기계약직) 공고 (장애인 특별우대),서울대학교병원,서울,무기계약직,2026-09-28,2026-10-12,10,11,,진행중,https://job.alio.go.kr/recruitview.do?idx=305368
305307,한전KPS(주)강원충북전력지사 단기노무원(신청주지점 송전업무정비보조) 채용 공고(29차),한전KPS(주),충북,비정규직,2026-09-28,2026-09-30,,-1,,마감,https://job.alio.go.kr/recruitview.do?idx=305307
305363,[안전보건공단] 본부(울산) 기간제 근로자 채용공고,한국산업안전보건공단,울산,비정규직,2026-09-28,2026-10-08,6,7,,진행중,https://job.alio.go.kr/recruitview.do?idx=305363
305362,2026년 남극과학기지 월동연구대 채용 재공고 (발전 분야),극지연구소,해외,비정규직,2026-09-28,2026-10-12,10,11,,진행중,https://job.alio.go.kr/recruitview.do?idx=305362
305350,[안전보건공단] 본부(울산) 업무직 채용공고,한국산업안전보건공단,울산,무기계약직,2026-09-28,2026-10-08,6,7,,진행중,https://job.alio.go.kr/recruitview.do?idx=305350
305341,2026년 한국법무보호복지공단 울산지부 심리상담직(육아휴직대체직) 경력경쟁채용시험 공고,한국법무보호복지공단,울산,비정규직,2026-09-28,2026-10-13,11,12,,진행중,https://job.alio.go.kr/recruitview.do?idx=305341
305348,(제2026-10호) 한국보건복지인재원 업무지원직 채용 공고,한국보건복지인재원,충북,무기계약직,2026-09-28,2026-10-12,10,11,,진행중,https://job.alio.go.kr/recruitview.do?idx=305348
305346,(제2026-8호) 한국보건복지인재원 신규직원(일반공무직_장애) 채용 공고,한국보건복지인재원,서울 외 7,무기계약직,2026-09-28,2026-10-12,10,11,,진행중,https://job.alio.go.kr/recruitview.do?idx=305346
305388,"분당서울대학교병원 직원(계약사무직, 계약간호직, 계약보건직) 채용공고",분당서울대학교병원,경기,비정규직,2026-09-28,2026-10-07,5,6,,진행중,https://job.alio.go.kr/recruitview.do?idx=305388
305389,분당서울대학교병원 직원(계약업무지원직) 채용공고,분당서울대학교병원,경기,비정규직,2026-09-28,2026-10-07,5,6,,진행중,https://job.alio.go.kr/recruitview.do?idx=305389
305221,한국공정거래조정원 2026년 제4차 기간제 근로자 채용 공고,한국공정거래조정원,서울,비정규직,2026-09-28,2026-10-13,11,12,,진행중,https://job.alio.go.kr/recruitview.do?idx=305221
305418,오송첨단의료산업진흥재단 2026년도 제6차 체험형 청년인턴 채용 공고,오송첨단의료산업진흥재단,충북,청년인턴(체험형),2026-09-28,2026-10-12,10,11,,진행중,https://job.alio.go.kr/recruitview.do?idx=305418
305407,[한국수자원공사] 2026년 K-water연구원 제3차 위촉연구직 채용 공고,한국수자원공사,대전 외 1,비정규직,2026-09-28,2026-10-12,10,11,,진행중,https://job.alio.go.kr/recruitview.do?idx=305407
305404,"[세종] 2026년 9월 비정규직(계약직, 업무지원계약직) 직원 채용공고",충남대학교병원,세종,비정규직,2026-09-28,2026-10-12,10,11,,진행중,https://job.alio.go.kr/recruitview.do?idx=305404
305403,"2026년 제2차 한국연구재단 직원 채용(공무직(시설관리직, 미화직))",한국연구재단,대전,정규직,2026-09-28,2026-10-19,17,18,,진행중,https://job.alio.go.kr/recruitview.do?idx=305403
305402,[세종] 2026년 9월 업무지원직 직원 채용공고,충남대학교병원,세종,정규직,2026-09-28,2026-10-12,10,11,,진행중,https://job.alio.go.kr/recruitview.do?idx=305402
305398,스포츠윤리센터 2026년 제2차 직원 신규채용 공고,스포츠윤리센터,서울 외 3,비정규직 외 1,2026-09-28,2026-10-13,11,12,,진행중,https://job.alio.go.kr/recruitview.do?idx=305398
305397,[제2026-112호] 한국장애인개발원 2026년도 제3차 직원 정기채용 공고,한국장애인개발원,서울 외 14,무기계약직 외 2,2026-09-28,2026-10-12,10,11,,진행중,https://job.alio.go.kr/recruitview.do?idx=305397
305395,2026년 신입직원 채용공고,한국농수산식품유통공사,서울 외 11,정규직,2026-09-28,2026-10-13,11,12,,진행중,https://job.alio.go.kr/recruitview.do?idx=305395
305394,분당서울대학교병원 단시간일반직(선임급연구원) 채용공고,분당서울대학교병원,경기,비정규직,2026-09-28,2026-10-07,5,6,,진행중,https://job.alio.go.kr/recruitview.do?idx=305394
305392,분당서울대학교병원 단시간업무지원직 채용공고,분당서울대학교병원,경기,비정규직,2026-09-28,2026-10-07,5,6,,진행중,https://job.alio.go.kr/recruitview.do?idx=305392
305391,분당서울대학교병원 단시간일반직 채용공고,분당서울대학교병원,경기,비정규직,2026-09-28,2026-10-07,5,6,,진행중,https://job.alio.go.kr/recruitview.do?idx=305391
305390,2026년도 하반기 서울대학교병원 블라인드 장애인 직원채용 (무기계약직) 공고,서울대학교병원,서울,무기계약직,2026-09-28,2026-10-12,10,11,,진행중,https://job.alio.go.kr/recruitview.do?idx=305390
305344,[속리산] 속리산국립공원사무소 기간제(탐방해설) 직원 채용 재공고,국립공원공단,충북 외 1,비정규직,2026-09-24,2026-10-08,6,7,,진행중,https://job.alio.go.kr/recruitview.do?idx=305344
305286,한국노동연구원 기간제 행정원(보훈대상자 제한경쟁) 채용 공고,한국노동연구원,세종,비정규직,2026-09-23,2026-10-07,5,6,,진행중,https://job.alio.go.kr/recruitview.do?idx=305286
305285,한전KPS(주)태안사업처 경상정비공사(기계분야) 단기노무원 채용,한전KPS(주),충남,비정규직,2026-09-23,2026-09-28,,-3,,마감,https://job.alio.go.kr/recruitview.do?idx=305285
305287,"계약직 간호사-휴직대체(간호부), 계약직 간호사(외상센터) 채용 재공고",국립중앙의료원,서울,비정규직,2026-09-23,2026-10-06,4,5,,진행중,https://job.alio.go.kr/recruitview.do?idx=305287
305288,"계약직 연구원(모자의료지원팀, 인력양성정책팀) 채용 재공고",국립중앙의료원,서울,비정규직,2026-09-23,2026-10-06,4,5,,진행중,https://job.alio.go.kr/recruitview.do?idx=305288
305289,계약직 연구원(데이터기반정책연구팀) 재공고,국립중앙의료원,서울,비정규직,2026-09-23,2026-10-06,4,5,,진행중,https://job.alio.go.kr/recruitview.do?idx=305289
305290,[한국수자원공사] 2026년 하반기 일반직 신입사원 공채,한국수자원공사,인천 외 14,정규직,2026-09-23,2026-10-07,5,6,,진행중,https://job.alio.go.kr/recruitview.do?idx=305290
305291,[한국수자원공사] 전남북부권지사 단기계약근로자(사무관리_건설사업) 채용 공고,한국수자원공사,전남광주,비정규직,2026-09-23,2026-10-07,5,6,,진행중,https://job.alio.go.kr/recruitview.do?idx=305291
305293,"2026년도 한국환경공단 하반기 개방형 직위(AI데이터부장, 태백수도사업소장) 공개모집 공고",한국환경공단,인천 외 1,비정규직,2026-09-23,2026-10-07,5,6,,진행중,https://job.alio.go.kr/recruitview.do?idx=305293
305295,2026년 하반기 인천항만공사 채용형 인턴 채용공고,인천항만공사,인천,청년인턴(채용형),2026-09-23,2026-10-08,6,7,,진행중,https://job.alio.go.kr/recruitview.do?idx=305295
305296,[한국수자원공사] 2026년 하반기 시설운영직 고졸 신입사원 공채,한국수자원공사,인천 외 14,정규직,2026-09-23,2026-10-07,5,6,,진행중,https://job.alio.go.kr/recruitview.do?idx=305296
305297,한국폴리텍특성화대학 바이오캠퍼스 업무직(대학운영직_조리원) 채용공,학교법인한국폴리텍,충남,무기계약직,2026-09-23,2026-10-01,,0,Y,진행중,https://job.alio.go.kr/recruitview.do?idx=305297
305298,[한국수자원공사] 2026년 하반기 사무운영직 고졸 신입사원 공채,한국수자원공사,인천 외 11,정규직,2026-09-23,2026-10-07,5,6,,진행중,https://job.alio.go.kr/recruitview.do?idx=305298
305299,대한적십자사 합천원폭피해자복지회관 직원(조리원) 채용공고,대한적십자사,경남,무기계약직,2026-09-23,2026-10-12,10,11,,진행중,https://job.alio.go.kr/recruitview.do?idx=305299
305300,[내장산백암] 내장산국립공원백암사무소 한시인력(국립공원지킴이_녹색순찰대) 채용 공고,국립공원공단,전남광주,비정규직,2026-09-23,2026-10-06,4,5,,진행중,https://job.alio.go.kr/recruitview.do?idx=305300
305301,[창원경상국립대학교병원] 전문직1등급(촉탁의) 채용공고,경상국립대학교병원,경남,비정규직,2026-09-23,2026-12-31,90,91,,진행중,https://job.alio.go.kr/recruitview.do?idx=305301
305302,2026년 하반기 한국철도공사 신입사원(관제분야) 채용 공고,한국철도공사,서울 외 2,정규직,2026-09-23,2026-10-07,5,6,,진행중,https://job.alio.go.kr/recruitview.do?idx=305302
305304,[창원경상국립대학교병원] 약무직 채용 공고,경상국립대학교병원,경남,정규직,2026-09-23,2026-12-31,90,91,,진행중,https://job.alio.go.kr/recruitview.do?idx=305304
305305,2026년도 하반기 한국철도공사 전문ㆍ경력직 채용공고,한국철도공사,서울 외 3,비정규직 외 1,2026-09-23,2026-10-07,5,6,,진행중,https://job.alio.go.kr/recruitview.do?idx=305305
305306,2026년 PAO 인턴 채용공고,한국교통연구원,세종,청년인턴(체험형),2026-09-23,2026-10-08,6,7,,진행중,https://job.alio.go.kr/recruitview.do?idx=305306
305283,2026년 하반기 KOTRA 공무직 채용 공고,대한무역투자진흥공사,서울,무기계약직,2026-09-23,2026-10-08,6,7,,진행중,https://job.alio.go.kr/recruitview.do?idx=305283
305282,한전KPS(주)충남전북전력지사(서산지점) 단기노무원 채용 공고,한전KPS(주),충남,비정규직,2026-09-23,2026-09-29,,-2,,마감,https://job.alio.go.kr/recruitview.do?idx=305282
305281,한국문화관광연구원 위촉직원 채용 공고[2026-38],한국문화관광연구원,서울,비정규직,2026-09-23,2026-10-07,5,6,,진행중,https://job.alio.go.kr/recruitview.do?idx=305281
305233,"2026년 9월 업무지원직 모집공고(간호직, 보건직, 기능직)",국민건강보험공단 일산병원,경기,무기계약직,2026-09-23,2026-10-07,5,6,,진행중,https://job.alio.go.kr/recruitview.do?idx=305233
305232,[KDI국제정책대학원] 2026년 제10차 인턴직원 채용(경영기획),KDI국제정책대학원,세종,청년인턴(체험형),2026-09-23,2026-10-08,6,7,,진행중,https://job.alio.go.kr/recruitview.do?idx=305232
305231,2026년 하반기 정규직(사무직-정보개발) 모집공고,국민건강보험공단 일산병원,경기,정규직,2026-09-23,2026-10-07,5,6,,진행중,https://job.alio.go.kr/recruitview.do?idx=305231
305235,"2026년 하반기 정규직(보건직-임상병리사, 의공기사, 보건의료정보관리사) 모집공고",국민건강보험공단 일산병원,경기,정규직,2026-09-23,2026-10-07,5,6,,진행중,https://job.alio.go.kr/recruitview.do?idx=305235
305188,[인천운전면허시험장] 실무계약직(환경관리) 채용 공고,한국도로교통공단,인천,비정규직,2026-09-23,2026-09-30,,-1,,마감,https://job.alio.go.kr/recruitview.do?idx=305188
305213,'탁구 영상 데이터 기반 동작 추정을 통한 스트로크 유형 분류 모델 연구' 초빙연구원(나급) 채용 공고,서울올림픽기념국민체육진흥공단,서울,비정규직,2026-09-23,2026-10-07,5,6,,진행중,https://job.alio.go.kr/recruitview.do?idx=305213
305180,한국무역보험공사 2026년 하반기 체험형 청년인턴 채용공고,한국무역보험공사,서울 외 4,청년인턴(체험형),2026-09-23,2026-10-07,5,6,,진행중,https://job.alio.go.kr/recruitview.do?idx=305180
305236,2026년 하반기 정규직(간호직-진료지원전담간호사) 모집공고,국민건강보험공단 일산병원,경기,정규직,2026-09-23,2026-10-07,5,6,,진행중,https://job.alio.go.kr/recruitview.do?idx=305236
305230,2026년 하반기 정규직(사무직-일반사무) 모집공고,국민건강보험공단 일산병원,경기,정규직,2026-09-23,2026-10-07,5,6,,진행중,https://job.alio.go.kr/recruitview.do?idx=305230
305240,"2026년 9월 기간제근로자 모집공고(간호직, 보건직, 사무직, 기능직)",국민건강보험공단 일산병원,경기,비정규직,2026-09-23,2026-10-07,5,6,,진행중,https://job.alio.go.kr/recruitview.do?idx=305240
305241,2026년도 사무직 수련생(체험형 청년인턴)(장애인·보훈 제한경쟁) 채용 공고,국민건강보험공단 일산병원,경기,청년인턴(체험형),2026-09-23,2026-10-07,5,6,,진행중,https://job.alio.go.kr/recruitview.do?idx=305241
305242,2027년도 수련생(정신건강임상심리사 1급-1년차 과정) 모집공고,국민건강보험공단 일산병원,경기,청년인턴(체험형),2026-09-23,2026-10-07,5,6,,진행중,https://job.alio.go.kr/recruitview.do?idx=305242
305270,한국화학연구원 계약직 채용 공고,한국화학연구원,대전,비정규직,2026-09-23,2026-10-07,5,6,,진행중,https://job.alio.go.kr/recruitview.do?idx=305270
305272,"칠곡경북대학교병원 2026년 9월 5차 임시직원 채용공고(물리치료사, 간호사, 주차, 조경관리)",경북대학교병원,대구,비정규직,2026-09-23,2026-09-28,,-3,,마감,https://job.alio.go.kr/recruitview.do?idx=305272
305274,2026년 제4차 현장 기간제사원 채용 공고,코레일테크(주),서울 외 14,비정규직,2026-09-23,2026-10-07,5,6,,진행중,https://job.alio.go.kr/recruitview.do?idx=305274
305276,[제2026-111호]2026년도 제6차 제주특별자치도장애아동·발달장애인지원센터 [장애아동지원팀] 체험형 청년인턴[장애인 제한경쟁] 채용 공고,한국장애인개발원,제주,청년인턴(체험형),2026-09-23,2026-10-07,5,6,,진행중,https://job.alio.go.kr/recruitview.do?idx=305276
305277,한국보훈복지의료공단 2027년 보훈병원 간호직 통합 공개채용 공고,한국보훈복지의료공단,서울 외 5,정규직,2026-09-23,2026-10-07,5,6,,진행중,https://job.alio.go.kr/recruitview.do?idx=305277
305278,국립암센터 부속병원 입원전담전문의(내과) 초빙 공고,국립암센터,경기,비정규직,2026-09-23,2026-10-08,6,7,,진행중,https://job.alio.go.kr/recruitview.do?idx=305278
305279,국립암센터 부속병원 당직전담의사 초빙공고,국립암센터,경기,비정규직,2026-09-23,2026-10-08,6,7,,진행중,https://job.alio.go.kr/recruitview.do?idx=305279
305234,2026년 하반기 정규직(사무직-시설관리) 모집공고,국민건강보험공단 일산병원,경기,정규직,2026-09-23,2026-10-07,5,6,,진행중,https://job.alio.go.kr/recruitview.do?idx=305234
