idx,제목,기관명,근무지,고용형태,등록일,마감일,D-day,남은일수,마감임박,상태,상세URL,최초수집일,최초수집일
305668,[한국장애인고용공단 경기지역본부] 대체 근로자(체험형 청년인턴) 채용 공고,한국장애인고용공단,경기,비정규직 외 1,2026-10-02,2026-10-12,9,10,,진행중,https://job.alio.go.kr/recruitview.do?idx=305668,2026-10-02,2026-10-02
305587,한전KDN(주) 강원사업처 강릉지사 AMI분야 비정규직 모집공고,한전KDN,강원,비정규직,2026-10-02,2026-10-16,13,14,,진행중,https://job.alio.go.kr/recruitview.do?idx=305587,2026-10-02,2026-10-02
305630,"한국토지주택공사 경기북부지역본부 기간제근로자(보상일반역, 보상전문역) 채용공고",한국토지주택공사,경기,비정규직,2026-10-02,2026-10-16,13,14,,진행중,https://job.alio.go.kr/recruitview.do?idx=305630,2026-10-02,2026-10-02
305636,"한국토지주택공사 대전충남지역본부 기간제근로자(보상일반역, 보상전문역) 채용공고",한국토지주택공사,대전,비정규직,2026-10-02,2026-10-23,20,21,,진행중,https://job.alio.go.kr/recruitview.do?idx=305636,2026-10-02,2026-10-02
305639,"한국토지주택공사 부산울산지역본부 기간제근로자(보상일반역, 보상전문역) 채용공고",한국토지주택공사,부산,비정규직,2026-10-02,2026-10-16,13,14,,진행중,https://job.alio.go.kr/recruitview.do?idx=305639,2026-10-02,2026-10-02
305643,한전KDN(주) 대구본부 포항지사 전력통신설비 유지보수 및 단순정비 작업원 모집공고,한전KDN,대구 외 1,비정규직,2026-10-02,2026-10-16,13,14,,진행중,https://job.alio.go.kr/recruitview.do?idx=305643,2026-10-02,2026-10-02
305652,"한국토지주택공사 세종특별본부 기간제근로자(보상일반역, 보상전문역) 채용공고",한국토지주택공사,세종,비정규직,2026-10-02,2026-10-19,16,17,,진행중,https://job.alio.go.kr/recruitview.do?idx=305652,2026-10-02,2026-10-02
305653,"한국토지주택공사 광주전남지역본부 기간제근로자(보상일반역, 보상전문역) 채용공고",한국토지주택공사,전남광주,비정규직,2026-10-02,2026-10-16,13,14,,진행중,https://job.alio.go.kr/recruitview.do?idx=305653,2026-10-02,2026-10-02
305660,"한국토지주택공사 경기남부지역본부 기간제근로자(보상일반역, 보상전문역) 채용공고",한국토지주택공사,경기,비정규직,2026-10-02,2026-10-16,13,14,,진행중,https://job.alio.go.kr/recruitview.do?idx=305660,2026-10-02,2026-10-02
305666,"한국토지주택공사 인천지역본부 기간제근로자(보상일반역, 보상전문역) 채용공고",한국토지주택공사,인천 외 1,비정규직,2026-10-02,2026-10-23,20,21,,진행중,https://job.alio.go.kr/recruitview.do?idx=305666,2026-10-02,2026-10-02
305667,2026년 제15차 청년인턴(진료지원-치과위생사/치과보존과) 채용 공고,경북대학교치과병원,대구,청년인턴(체험형),2026-10-02,2026-10-11,8,9,,진행중,https://job.alio.go.kr/recruitview.do?idx=305667,2026-10-02,2026-10-02
305665,[한국장애인고용공단 경기동부지사] 대체 근로자(체험형 청년인턴) 채용 공고,한국장애인고용공단,경기,비정규직 외 1,2026-10-02,2026-10-12,9,10,,진행중,https://job.alio.go.kr/recruitview.do?idx=305665,2026-10-02,2026-10-02
305661,"한국토지주택공사 서울지역본부 기간제근로자(보상일반역, 보상전문역) 채용공고",한국토지주택공사,서울,비정규직,2026-10-02,2026-10-16,13,14,,진행중,https://job.alio.go.kr/recruitview.do?idx=305661,2026-10-02,2026-10-02
305662,한국폴리텍대학 부산캠퍼스 2026년 행정지원직(휴직대체_냉난방원) 채용,학교법인한국폴리텍,부산,비정규직,2026-10-02,2026-10-14,11,12,,진행중,https://job.alio.go.kr/recruitview.do?idx=305662,2026-10-02,2026-10-02
305664,"한국토지주택공사 수도권정비사업특별본부 기간제근로자(보상일반역, 보상전문역) 채용공고",한국토지주택공사,서울 외 1,비정규직,2026-10-02,2026-10-19,16,17,,진행중,https://job.alio.go.kr/recruitview.do?idx=305664,2026-10-02,2026-10-02
305663,한국폴리텍대학 부산캠퍼스 2026년 청년인턴(일반) 2차 채용,학교법인한국폴리텍,부산,청년인턴(체험형),2026-10-02,2026-10-14,11,12,,진행중,https://job.alio.go.kr/recruitview.do?idx=305663,2026-10-02,2026-10-02
305588,우체국물류지원단 서울지사 동서울물류사업소 기간제(일용직_우편물구분) 채용 공고,(재)우체국물류지원단,서울,비정규직,2026-10-01,2026-10-31,28,29,,진행중,https://job.alio.go.kr/recruitview.do?idx=305588,2026-10-02,2026-10-02
305589,[순천병원] 공무직(영선·조경기사) 채용 공고,근로복지공단,전남광주,무기계약직,2026-10-01,2026-10-08,5,6,,진행중,https://job.alio.go.kr/recruitview.do?idx=305589,2026-10-02,2026-10-02
305590,[순천병원] 의료직(산업위생사 4급) 채용 공고,근로복지공단,전남광주,정규직,2026-10-01,2026-10-12,9,10,,진행중,https://job.alio.go.kr/recruitview.do?idx=305590,2026-10-02,2026-10-02
305591,[순천병원] 2026년도 하반기 청년(체험형)인턴 장애전형 채용 공고,근로복지공단,전남광주,청년인턴(체험형),2026-10-01,2026-10-08,5,6,,진행중,https://job.alio.go.kr/recruitview.do?idx=305591,2026-10-02,2026-10-02
305592,[순천병원] 2026년도 하반기 청년(체험형)인턴 일반전형 채용 공고,근로복지공단,전남광주,청년인턴(체험형),2026-10-01,2026-10-08,5,6,,진행중,https://job.alio.go.kr/recruitview.do?idx=305592,2026-10-02,2026-10-02
305593,[채용공고 2026-12호] 공무직 채용 공고,한국청소년정책연구원,세종,무기계약직,2026-10-01,2026-10-16,13,14,,진행중,https://job.alio.go.kr/recruitview.do?idx=305593,2026-10-02,2026-10-02
305594,[인천병원] 2026년도 하반기 청년(체험형)인턴 장애전형 채용 공고,근로복지공단,인천,청년인턴(체험형),2026-10-01,2026-10-08,5,6,,진행중,https://job.alio.go.kr/recruitview.do?idx=305594,2026-10-02,2026-10-02
305595,[인천병원] 2026년도 하반기 청년(체험형)인턴 일반전형 채용 공고,근로복지공단,인천,청년인턴(체험형),2026-10-01,2026-10-08,5,6,,진행중,https://job.alio.go.kr/recruitview.do?idx=305595,2026-10-02,2026-10-02
305596,[동해병원] 2026년도 하반기 청년(체험형)인턴 장애전형 채용 공고,근로복지공단,강원,청년인턴(체험형),2026-10-01,2026-10-08,5,6,,진행중,https://job.alio.go.kr/recruitview.do?idx=305596,2026-10-02,2026-10-02
305597,한국도로공사서비스(주) 대전충남권역본부 기간제근로자 채용 공고,한국도로공사서비스(주),대전,비정규직,2026-10-01,2026-10-15,12,13,,진행중,https://job.alio.go.kr/recruitview.do?idx=305597,2026-10-02,2026-10-02
305598,[동해병원] 2026년도 하반기 청년(체험형)인턴 일반전형 채용 공고,근로복지공단,강원,청년인턴(체험형),2026-10-01,2026-10-08,5,6,,진행중,https://job.alio.go.kr/recruitview.do?idx=305598,2026-10-02,2026-10-02
305599,한국도로공사서비스(주) 수도권동부권역본부 기간제근로자 채용 공고,한국도로공사서비스(주),경기,비정규직,2026-10-01,2026-10-15,12,13,,진행중,https://job.alio.go.kr/recruitview.do?idx=305599,2026-10-02,2026-10-02
305600,계약직 단시간근로자(장애인 미술작가) 채용 공고,국립중앙의료원,서울,비정규직,2026-10-01,2026-10-16,13,14,,진행중,https://job.alio.go.kr/recruitview.do?idx=305600,2026-10-02,2026-10-02
305601,채용형 인턴 채용공고(주택관리공단 부산울산지사),주택관리공단(주),부산,청년인턴(채용형),2026-10-01,2026-10-12,9,10,,진행중,https://job.alio.go.kr/recruitview.do?idx=305601,2026-10-02,2026-10-02
305602,육아휴직 대체직 채용공고(주택관리공단 대구경북지사),주택관리공단(주),대구 외 1,비정규직,2026-10-01,2026-10-08,5,6,,진행중,https://job.alio.go.kr/recruitview.do?idx=305602,2026-10-02,2026-10-02
305603,[동해병원] 기간제 의사(산부인과) 채용 공고,근로복지공단,강원,비정규직,2026-10-01,2026-10-08,5,6,,진행중,https://job.alio.go.kr/recruitview.do?idx=305603,2026-10-02,2026-10-02
305604,채용형 인턴 채용공고(주택관리공단 대구경북지사),주택관리공단(주),대구,청년인턴(채용형),2026-10-01,2026-10-08,5,6,,진행중,https://job.alio.go.kr/recruitview.do?idx=305604,2026-10-02,2026-10-02
305605,[동해병원] 기간제 의사(재활의학과 전문의) 채용 공고,근로복지공단,강원,비정규직,2026-10-01,2026-10-08,5,6,,진행중,https://job.alio.go.kr/recruitview.do?idx=305605,2026-10-02,2026-10-02
305607,2026년도 제4차 직원 채용공고,한국행정연구원,서울,비정규직 외 1,2026-10-01,2026-10-15,12,13,,진행중,https://job.alio.go.kr/recruitview.do?idx=305607,2026-10-02,2026-10-02
305586,[세종] 2026년 약무직 직원 모집공고,충남대학교병원,세종,정규직,2026-10-01,2026-10-15,12,13,,진행중,https://job.alio.go.kr/recruitview.do?idx=305586,2026-10-02,2026-10-02
305584,"동북아역사재단 직원(행정직(일반,전산), 공무직(일반), 기간제, 청년인턴) 공개채용 공고(장애인 구분 모집 포함)",동북아역사재단,서울,무기계약직 외 3,2026-10-01,2026-10-15,12,13,,진행중,https://job.alio.go.kr/recruitview.do?idx=305584,2026-10-02,2026-10-02
305539,2026년 하반기 건강보험심사평가원 체험형 청년인턴 채용 공고,건강보험심사평가원,서울 외 10,청년인턴(체험형),2026-10-01,2026-10-15,12,13,,진행중,https://job.alio.go.kr/recruitview.do?idx=305539,2026-10-02,2026-10-02
305579,서울대학교치과병원 촉탁간호직(병동) 채용 공고,서울대학교치과병원,서울,비정규직,2026-10-01,2026-10-15,12,13,,진행중,https://job.alio.go.kr/recruitview.do?idx=305579,2026-10-02,2026-10-02
305580,서울대학교치과병원 단시간근무자(치과위생사) 채용 공고,서울대학교치과병원,서울,비정규직,2026-10-01,2026-10-15,12,13,,진행중,https://job.alio.go.kr/recruitview.do?idx=305580,2026-10-02,2026-10-02
305581,서울대학교치과병원 단시간근무자(장애인 제한경쟁) 채용 공고,서울대학교치과병원,서울,비정규직,2026-10-01,2026-10-15,12,13,,진행중,https://job.alio.go.kr/recruitview.do?idx=305581,2026-10-02,2026-10-02
305582,"서울대학교치과병원 단시간근무자(간호조무사, 비서) 채용 공고",서울대학교치과병원,서울,비정규직,2026-10-01,2026-10-15,12,13,,진행중,https://job.alio.go.kr/recruitview.do?idx=305582,2026-10-02,2026-10-02
305583,서울대학교치과병원 2026년 하반기 정규직(간호직) 채용 공고,서울대학교치과병원,서울,정규직,2026-10-01,2026-10-15,12,13,,진행중,https://job.alio.go.kr/recruitview.do?idx=305583,2026-10-02,2026-10-02
305608,"[본사] 계약직 직원(간호직, 복지기능직) 채용 공고",한국보훈복지의료공단,강원,비정규직,2026-10-01,2026-10-15,12,13,,진행중,https://job.alio.go.kr/recruitview.do?idx=305608,2026-10-02,2026-10-02
305609,[대전병원] 기간제(조리사) 채용 공고,근로복지공단,대전,비정규직,2026-10-01,2026-10-08,5,6,,진행중,https://job.alio.go.kr/recruitview.do?idx=305609,2026-10-02,2026-10-02
305633,[대구병원] 기간제(사무원) 채용 공고,근로복지공단,대구 외 1,비정규직,2026-10-01,2026-10-08,5,6,,진행중,https://job.alio.go.kr/recruitview.do?idx=305633,2026-10-02,2026-10-02
305634,[대전] 충남대학교병원 2026년 10월 계약직 직원 채용공고,충남대학교병원,대전,비정규직,2026-10-01,2026-10-15,12,13,,진행중,https://job.alio.go.kr/recruitview.do?idx=305634,2026-10-02,2026-10-02
305635,[대구병원] 2026년도 하반기 청년(체험형)인턴 장애전형 채용 공고,근로복지공단,대구,청년인턴(체험형),2026-10-01,2026-10-08,5,6,,진행중,https://job.alio.go.kr/recruitview.do?idx=305635,2026-10-02,2026-10-02
305637,[대전] 충남대학교병원 2026년 10월 업무지원계약직 직원 채용공고,충남대학교병원,대전,비정규직,2026-10-01,2026-10-15,12,13,,진행중,https://job.alio.go.kr/recruitview.do?idx=305637,2026-10-02,2026-10-02
305638,보건의료직 6급 방사선사(영상의학과) 채용 공고,국립중앙의료원,서울,정규직,2026-10-01,2026-10-16,13,14,,진행중,https://job.alio.go.kr/recruitview.do?idx=305638,2026-10-02,2026-10-02
305640,[대구병원] 2026년도 하반기 청년(체험형)인턴 일반전형 채용 공고,근로복지공단,대구 외 1,청년인턴(체험형),2026-10-01,2026-10-08,5,6,,진행중,https://job.alio.go.kr/recruitview.do?idx=305640,2026-10-02,2026-10-02
305641,기술직 6급 전산행정(정보운영팀) 채용 공고,국립중앙의료원,서울,정규직,2026-10-01,2026-10-16,13,14,,진행중,https://job.alio.go.kr/recruitview.do?idx=305641,2026-10-02,2026-10-02
305642,[재활공학연구소] 기간제(위촉연구원) 채용 공고,근로복지공단,인천,비정규직,2026-10-01,2026-10-08,5,6,,진행중,https://job.alio.go.kr/recruitview.do?idx=305642,2026-10-02,2026-10-02
305644,[재활공학연구소] 2026년도 하반기 청년(체험형)인턴 장애전형 채용 공고,근로복지공단,인천,청년인턴(체험형),2026-10-01,2026-10-08,5,6,,진행중,https://job.alio.go.kr/recruitview.do?idx=305644,2026-10-02,2026-10-02
305645,[창원병원] 2026년도 하반기 청년(체험형)인턴 장애전형 채용 공고,근로복지공단,경남,청년인턴(체험형),2026-10-01,2026-10-08,5,6,,진행중,https://job.alio.go.kr/recruitview.do?idx=305645,2026-10-02,2026-10-02
305658,2026년 한국도로공사 순찰직(안전순찰원) 채용 공고 [일반전형],한국도로공사,경기 외 6,무기계약직,2026-10-01,2026-10-15,12,13,,진행중,https://job.alio.go.kr/recruitview.do?idx=305658,2026-10-02,2026-10-02
305657,2026년 한국도로공사 실무직(상황관리원) 채용 공고 [일반전형],한국도로공사,경기 외 3,무기계약직,2026-10-01,2026-10-15,12,13,,진행중,https://job.alio.go.kr/recruitview.do?idx=305657,2026-10-02,2026-10-02
305646,[창원병원] 2026년도 하반기 청년(체험형)인턴 일반전형 채용 공고,근로복지공단,부산 외 1,청년인턴(체험형),2026-10-01,2026-10-08,5,6,,진행중,https://job.alio.go.kr/recruitview.do?idx=305646,2026-10-02,2026-10-02
305647,[대전] 충남대학교병원 2026년 10월 보조금직원 채용공고,충남대학교병원,대전,비정규직,2026-10-01,2026-10-15,12,13,,진행중,https://job.alio.go.kr/recruitview.do?idx=305647,2026-10-02,2026-10-02
305656,2026년 한국도로공사 실무직(사무원) 채용 공고 [취업지원대상자 보훈전형],한국도로공사,전북,무기계약직,2026-10-01,2026-10-15,12,13,,진행중,https://job.alio.go.kr/recruitview.do?idx=305656,2026-10-02,2026-10-02
305648,한국의약품안전관리원 의약품안전정보본부장 채용 재공고,한국의약품안전관리원,경기,정규직,2026-10-01,2026-10-21,18,19,,진행중,https://job.alio.go.kr/recruitview.do?idx=305648,2026-10-02,2026-10-02
305655,2026년 한국도로공사 실무직(도로관리원) 채용 공고 [일반전형],한국도로공사,대구 외 8,무기계약직,2026-10-01,2026-10-15,12,13,,진행중,https://job.alio.go.kr/recruitview.do?idx=305655,2026-10-02,2026-10-02
305654,2026년 한국도로공사 정비직(8급) 채용 공고 [일반전형],한국도로공사,경기 외 3,정규직,2026-10-01,2026-10-15,12,13,,진행중,https://job.alio.go.kr/recruitview.do?idx=305654,2026-10-02,2026-10-02
305649,"대한적십자사 충북지사 비정규직(육아휴직 대체인력, 11.1자) 채용공고",대한적십자사,충북,비정규직,2026-10-01,2026-10-16,13,14,,진행중,https://job.alio.go.kr/recruitview.do?idx=305649,2026-10-02,2026-10-02
305632,[태백병원] 2026년도 하반기 청년(체험형)인턴 일반전형 채용 공고,근로복지공단,강원,청년인턴(체험형),2026-10-01,2026-10-08,5,6,,진행중,https://job.alio.go.kr/recruitview.do?idx=305632,2026-10-02,2026-10-02
305631,[대전] 충남대학교병원 2026년 10월 공무직 직원 채용공고,충남대학교병원,대전,무기계약직,2026-10-01,2026-10-15,12,13,,진행중,https://job.alio.go.kr/recruitview.do?idx=305631,2026-10-02,2026-10-02
305616,[대전병원] 2026년도 하반기 청년(체험형)인턴 일반전형 채용 공고,근로복지공단,대전,청년인턴(체험형),2026-10-01,2026-10-08,5,6,,진행중,https://job.alio.go.kr/recruitview.do?idx=305616,2026-10-02,2026-10-02
305610,[대전병원] 기간제(물리치료사) 채용 공고,근로복지공단,대전,비정규직,2026-10-01,2026-10-08,5,6,,진행중,https://job.alio.go.kr/recruitview.do?idx=305610,2026-10-02,2026-10-02
305611,"우체국물류지원단 부산지사 부산사업소 기간제(운전직, 대체인력) 채용 공고",(재)우체국물류지원단,부산,비정규직,2026-10-01,2026-10-08,5,6,,진행중,https://job.alio.go.kr/recruitview.do?idx=305611,2026-10-02,2026-10-02
305612,[대전병원] 기간제(방사선사) 채용 공고,근로복지공단,대전,비정규직,2026-10-01,2026-10-08,5,6,,진행중,https://job.alio.go.kr/recruitview.do?idx=305612,2026-10-02,2026-10-02
305613,[변산반도]2026년 변산반도국립공원 기간제(수익시설_한시인력) 직원 채용 공고,국립공원공단,전북,비정규직,2026-10-01,2026-10-08,5,6,,진행중,https://job.alio.go.kr/recruitview.do?idx=305613,2026-10-02,2026-10-02
305614,[대전병원] 별정직 의사(직업환경의학과) 채용 공고,근로복지공단,대전,정규직,2026-10-01,2026-10-12,9,10,,진행중,https://job.alio.go.kr/recruitview.do?idx=305614,2026-10-02,2026-10-02
305615,[대전병원] 2026년도 하반기 청년(체험형)인턴 장애전형 채용 공고,근로복지공단,대전,청년인턴(체험형),2026-10-01,2026-10-08,5,6,,진행중,https://job.alio.go.kr/recruitview.do?idx=305615,2026-10-02,2026-10-02
305651,"[인천보훈병원] 2026-16차 직원 공개채용(업무지원직 청소, 외래보조)",한국보훈복지의료공단,인천,무기계약직,2026-10-01,2026-10-15,12,13,,진행중,https://job.alio.go.kr/recruitview.do?idx=305651,2026-10-02,2026-10-02
305617,[안산병원] 2026년도 하반기 청년(체험형)인턴 장애전형 채용 공고,근로복지공단,경기,청년인턴(체험형),2026-10-01,2026-10-08,5,6,,진행중,https://job.alio.go.kr/recruitview.do?idx=305617,2026-10-02,2026-10-02
305618,[안산병원] 2026년도 하반기 청년(체험형)인턴 일반전형 채용 공고,근로복지공단,경기,청년인턴(체험형),2026-10-01,2026-10-08,5,6,,진행중,https://job.alio.go.kr/recruitview.do?idx=305618,2026-10-02,2026-10-02
305619,[경기요양병원] 2026년도 하반기 청년(체험형)인턴 장애전형 채용 공고,근로복지공단,경기,청년인턴(체험형),2026-10-01,2026-10-08,5,6,,진행중,https://job.alio.go.kr/recruitview.do?idx=305619,2026-10-02,2026-10-02
305620,[경기요양병원] 2026년도 하반기 청년(체험형)인턴 일반전형 채용 공고,근로복지공단,경기,청년인턴(체험형),2026-10-01,2026-10-08,5,6,,진행중,https://job.alio.go.kr/recruitview.do?idx=305620,2026-10-02,2026-10-02
305621,[한국장애인고용공단 경기남부직업능력개발원] 특정업무직(운영지원직) 시설정비원(3조3교대) 채용,한국장애인고용공단,경기,무기계약직 외 1,2026-10-01,2026-10-14,11,12,,진행중,https://job.alio.go.kr/recruitview.do?idx=305621,2026-10-02,2026-10-02
305622,[경기요양병원] 공무직(물리치료사) 채용 공고,근로복지공단,경기,무기계약직,2026-10-01,2026-10-08,5,6,,진행중,https://job.alio.go.kr/recruitview.do?idx=305622,2026-10-02,2026-10-02
305623,"우체국물류지원단 경인지사 안양,부평물류사업소 기간제(일용직_우편물구분) 채용 공고",(재)우체국물류지원단,인천 외 1,비정규직,2026-10-01,2026-10-31,28,29,,진행중,https://job.alio.go.kr/recruitview.do?idx=305623,2026-10-02,2026-10-02
305624,정보통신산업진흥원 KIC실리콘밸리센터장 채용 공고,정보통신산업진흥원,해외,비정규직,2026-10-01,2026-10-16,13,14,,진행중,https://job.alio.go.kr/recruitview.do?idx=305624,2026-10-02,2026-10-02
305625,[정선병원] 2026년도 하반기 청년(체험형)인턴 일반전형 채용 공고,근로복지공단,강원,청년인턴(체험형),2026-10-01,2026-10-08,5,6,,진행중,https://job.alio.go.kr/recruitview.do?idx=305625,2026-10-02,2026-10-02
305626,[정선병원] 2026년도 하반기 청년(체험형)인턴 장애전형 채용 공고,근로복지공단,강원,청년인턴(체험형),2026-10-01,2026-10-08,5,6,,진행중,https://job.alio.go.kr/recruitview.do?idx=305626,2026-10-02,2026-10-02
305629,[태백병원] 2026년도 하반기 청년(체험형)인턴 장애전형 채용 공고,근로복지공단,강원,청년인턴(체험형),2026-10-01,2026-10-08,5,6,,진행중,https://job.alio.go.kr/recruitview.do?idx=305629,2026-10-02,2026-10-02
305627,[태백요양병원] 2026년도 하반기 청년(체험형)인턴 장애전형 채용 공고,근로복지공단,강원,청년인턴(체험형),2026-10-01,2026-10-08,5,6,,진행중,https://job.alio.go.kr/recruitview.do?idx=305627,2026-10-02,2026-10-02
305628,[북한산] 북한산국립공원사무소 기간제(산불감시) 직원 채용 공고,국립공원공단,서울 외 1,비정규직,2026-10-01,2026-10-16,13,14,,진행중,https://job.alio.go.kr/recruitview.do?idx=305628,2026-10-02,2026-10-02
